Employee ID,Last Name,First Name,SSN,Pay Period Start,Pay Period End,Check Date,Gross Pay,Federal Income Tax,State Income Tax,Social Security,Medicare,Net Pay,Department,Flsa Status
E001,Chen,Robert,XXX-XX-1001,2022-01-01,2022-01-31,2022-02-03,"15,416.67","3,391.67",770.83,955.83,223.54,"10,074.80",Executive,Exempt
E001,Chen,Robert,XXX-XX-1001,2022-02-01,2022-02-28,2022-03-03,"15,468.06","3,402.97",773.40,959.02,224.29,"10,108.38",Executive,Exempt
E001,Chen,Robert,XXX-XX-1001,2022-03-01,2022-03-31,2022-04-03,"15,519.44","3,414.28",775.97,962.21,225.03,"10,141.95",Executive,Exempt
E001,Chen,Robert,XXX-XX-1001,2022-04-01,2022-04-30,2022-05-03,"15,570.83","3,425.58",778.54,965.39,225.78,"10,175.54",Executive,Exempt
E001,Chen,Robert,XXX-XX-1001,2022-05-01,2022-05-31,2022-06-03,"15,622.22","3,436.89",781.11,968.58,226.52,"10,209.12",Executive,Exempt
E001,Chen,Robert,XXX-XX-1001,2022-06-01,2022-06-30,2022-07-03,"15,673.61","3,448.19",783.68,971.76,227.27,"10,242.71",Executive,Exempt
E001,Chen,Robert,XXX-XX-1001,2022-07-01,2022-07-31,2022-08-03,"15,725.00","3,459.50",786.25,974.95,228.01,"10,276.29",Executive,Exempt
E001,Chen,Robert,XXX-XX-1001,2022-08-01,2022-08-31,2022-09-03,"15,776.39","3,470.81",788.82,978.14,228.76,"10,309.86",Executive,Exempt
E001,Chen,Robert,XXX-XX-1001,2022-09-01,2022-09-30,2022-10-03,"15,827.78","3,482.11",791.39,981.32,229.50,"10,343.46",Executive,Exempt
E001,Chen,Robert,XXX-XX-1001,2022-10-01,2022-10-31,2022-11-03,"15,879.17","3,493.42",793.96,984.51,230.25,"10,377.03",Executive,Exempt
E001,Chen,Robert,XXX-XX-1001,2022-11-01,2022-11-30,2022-12-03,"15,930.56","3,504.72",796.53,987.69,230.99,"10,410.63",Executive,Exempt
E001,Chen,Robert,XXX-XX-1001,2022-12-01,2022-12-31,2023-01-03,"15,981.94","3,516.03",799.10,990.88,231.74,"10,444.19",Executive,Exempt
E001,Chen,Robert,XXX-XX-1001,2023-01-01,2023-01-31,2023-02-03,"16,033.33","3,527.33",801.67,994.07,232.48,"10,477.78",Executive,Exempt
E001,Chen,Robert,XXX-XX-1001,2023-02-01,2023-02-28,2023-03-03,"16,084.72","3,538.64",804.24,997.25,233.23,"10,511.36",Executive,Exempt
E001,Chen,Robert,XXX-XX-1001,2023-03-01,2023-03-31,2023-04-03,"16,136.11","3,549.94",806.81,"1,000.44",233.97,"10,544.95",Executive,Exempt
E001,Chen,Robert,XXX-XX-1001,2023-04-01,2023-04-30,2023-05-03,"16,187.50","3,561.25",809.38,"1,003.62",234.72,"10,578.53",Executive,Exempt
E001,Chen,Robert,XXX-XX-1001,2023-05-01,2023-05-31,2023-06-03,"16,238.89","3,572.56",811.94,"1,006.81",235.46,"10,612.12",Executive,Exempt
E001,Chen,Robert,XXX-XX-1001,2023-06-01,2023-06-30,2023-07-03,"16,290.28","3,583.86",814.51,"1,010.00",236.21,"10,645.70",Executive,Exempt
E001,Chen,Robert,XXX-XX-1001,2023-07-01,2023-07-31,2023-08-03,"16,341.67","3,595.17",817.08,"1,013.18",236.95,"10,679.29",Executive,Exempt
E001,Chen,Robert,XXX-XX-1001,2023-08-01,2023-08-31,2023-09-03,"16,393.06","3,606.47",819.65,"1,016.37",237.70,"10,712.87",Executive,Exempt
E001,Chen,Robert,XXX-XX-1001,2023-09-01,2023-09-30,2023-10-03,"16,444.44","3,617.78",822.22,"1,019.56",238.44,"10,746.44",Executive,Exempt
E001,Chen,Robert,XXX-XX-1001,2023-10-01,2023-10-31,2023-11-03,"16,495.83","3,629.08",824.79,"1,022.74",239.19,"10,780.03",Executive,Exempt
E001,Chen,Robert,XXX-XX-1001,2023-11-01,2023-11-30,2023-12-03,"16,547.22","3,640.39",827.36,"1,025.93",239.93,"10,813.61",Executive,Exempt
E001,Chen,Robert,XXX-XX-1001,2023-12-01,2023-12-31,2024-01-03,"16,598.61","3,651.69",829.93,"1,029.11",240.68,"10,847.20",Executive,Exempt
E001,Chen,Robert,XXX-XX-1001,2024-01-01,2024-01-31,2024-02-03,"16,650.00","3,663.00",832.50,"1,032.30",241.43,"10,880.77",Executive,Exempt
E001,Chen,Robert,XXX-XX-1001,2024-02-01,2024-02-29,2024-03-03,"16,701.39","3,674.31",835.07,"1,035.49",242.17,"10,914.35",Executive,Exempt
E001,Chen,Robert,XXX-XX-1001,2024-03-01,2024-03-31,2024-04-03,"16,752.78","3,685.61",837.64,"1,038.67",242.92,"10,947.94",Executive,Exempt
E001,Chen,Robert,XXX-XX-1001,2024-04-01,2024-04-30,2024-05-03,"16,804.17","3,696.92",840.21,"1,041.86",243.66,"10,981.52",Executive,Exempt
E001,Chen,Robert,XXX-XX-1001,2024-05-01,2024-05-31,2024-06-03,"16,855.56","3,708.22",842.78,"1,045.04",244.41,"11,015.11",Executive,Exempt
E001,Chen,Robert,XXX-XX-1001,2024-06-01,2024-06-30,2024-07-03,"16,906.94","3,719.53",845.35,"1,048.23",245.15,"11,048.68",Executive,Exempt
E001,Chen,Robert,XXX-XX-1001,2024-07-01,2024-07-31,2024-08-03,"16,958.33","3,730.83",847.92,"1,051.42",245.90,"11,082.26",Executive,Exempt
E001,Chen,Robert,XXX-XX-1001,2024-08-01,2024-08-31,2024-09-03,"17,009.72","3,742.14",850.49,"1,054.60",246.64,"11,115.85",Executive,Exempt
E001,Chen,Robert,XXX-XX-1001,2024-09-01,2024-09-30,2024-10-03,"17,061.11","3,753.44",853.06,"1,057.79",247.39,"11,149.43",Executive,Exempt
E001,Chen,Robert,XXX-XX-1001,2024-10-01,2024-10-31,2024-11-03,"17,112.50","3,764.75",855.62,"1,060.97",248.13,"11,183.03",Executive,Exempt
E001,Chen,Robert,XXX-XX-1001,2024-11-01,2024-11-30,2024-12-03,"17,163.89","3,776.06",858.19,"1,064.16",248.88,"11,216.60",Executive,Exempt
E001,Chen,Robert,XXX-XX-1001,2024-12-01,2024-12-31,2025-01-03,"17,215.28","3,787.36",860.76,"1,067.35",249.62,"11,250.19",Executive,Exempt
E002,Mitchell,Sarah,XXX-XX-1002,2022-01-01,2022-01-31,2022-02-03,"14,166.67","3,116.67",708.33,878.33,205.42,"9,257.92",Executive,Exempt
E002,Mitchell,Sarah,XXX-XX-1002,2022-02-01,2022-02-28,2022-03-03,"14,213.89","3,127.06",710.69,881.26,206.10,"9,288.78",Executive,Exempt
E002,Mitchell,Sarah,XXX-XX-1002,2022-03-01,2022-03-31,2022-04-03,"14,261.11","3,137.44",713.06,884.19,206.79,"9,319.63",Executive,Exempt
E002,Mitchell,Sarah,XXX-XX-1002,2022-04-01,2022-04-30,2022-05-03,"14,308.33","3,147.83",715.42,887.12,207.47,"9,350.49",Executive,Exempt
E002,Mitchell,Sarah,XXX-XX-1002,2022-05-01,2022-05-31,2022-06-03,"14,355.56","3,158.22",717.78,890.04,208.16,"9,381.36",Executive,Exempt
E002,Mitchell,Sarah,XXX-XX-1002,2022-06-01,2022-06-30,2022-07-03,"14,402.78","3,168.61",720.14,892.97,208.84,"9,412.22",Executive,Exempt
E002,Mitchell,Sarah,XXX-XX-1002,2022-07-01,2022-07-31,2022-08-03,"14,450.00","3,179.00",722.50,895.90,209.53,"9,443.07",Executive,Exempt
E002,Mitchell,Sarah,XXX-XX-1002,2022-08-01,2022-08-31,2022-09-03,"14,497.22","3,189.39",724.86,898.83,210.21,"9,473.93",Executive,Exempt
E002,Mitchell,Sarah,XXX-XX-1002,2022-09-01,2022-09-30,2022-10-03,"14,544.44","3,199.78",727.22,901.76,210.89,"9,504.79",Executive,Exempt
E002,Mitchell,Sarah,XXX-XX-1002,2022-10-01,2022-10-31,2022-11-03,"14,591.67","3,210.17",729.58,904.68,211.58,"9,535.66",Executive,Exempt
E002,Mitchell,Sarah,XXX-XX-1002,2022-11-01,2022-11-30,2022-12-03,"14,638.89","3,220.56",731.94,907.61,212.26,"9,566.52",Executive,Exempt
E002,Mitchell,Sarah,XXX-XX-1002,2022-12-01,2022-12-31,2023-01-03,"14,686.11","3,230.94",734.31,910.54,212.95,"9,597.37",Executive,Exempt
E002,Mitchell,Sarah,XXX-XX-1002,2023-01-01,2023-01-31,2023-02-03,"14,733.33","3,241.33",736.67,913.47,213.63,"9,628.23",Executive,Exempt
E002,Mitchell,Sarah,XXX-XX-1002,2023-02-01,2023-02-28,2023-03-03,"14,780.56","3,251.72",739.03,916.39,214.32,"9,659.10",Executive,Exempt
E002,Mitchell,Sarah,XXX-XX-1002,2023-03-01,2023-03-31,2023-04-03,"14,827.78","3,262.11",741.39,919.32,215.00,"9,689.96",Executive,Exempt
E002,Mitchell,Sarah,XXX-XX-1002,2023-04-01,2023-04-30,2023-05-03,"14,875.00","3,272.50",743.75,922.25,215.69,"9,720.81",Executive,Exempt
E002,Mitchell,Sarah,XXX-XX-1002,2023-05-01,2023-05-31,2023-06-03,"14,922.22","3,282.89",746.11,925.18,216.37,"9,751.67",Executive,Exempt
E002,Mitchell,Sarah,XXX-XX-1002,2023-06-01,2023-06-30,2023-07-03,"14,969.44","3,293.28",748.47,928.11,217.06,"9,782.52",Executive,Exempt
E002,Mitchell,Sarah,XXX-XX-1002,2023-07-01,2023-07-31,2023-08-03,"15,016.67","3,303.67",750.83,931.03,217.74,"9,813.40",Executive,Exempt
E002,Mitchell,Sarah,XXX-XX-1002,2023-08-01,2023-08-31,2023-09-03,"15,063.89","3,314.06",753.19,933.96,218.43,"9,844.25",Executive,Exempt
E002,Mitchell,Sarah,XXX-XX-1002,2023-09-01,2023-09-30,2023-10-03,"15,111.11","3,324.44",755.56,936.89,219.11,"9,875.11",Executive,Exempt
E002,Mitchell,Sarah,XXX-XX-1002,2023-10-01,2023-10-31,2023-11-03,"15,158.33","3,334.83",757.92,939.82,219.80,"9,905.96",Executive,Exempt
E002,Mitchell,Sarah,XXX-XX-1002,2023-11-01,2023-11-30,2023-12-03,"15,205.56","3,345.22",760.28,942.74,220.48,"9,936.84",Executive,Exempt
E002,Mitchell,Sarah,XXX-XX-1002,2023-12-01,2023-12-31,2024-01-03,"15,252.78","3,355.61",762.64,945.67,221.17,"9,967.69",Executive,Exempt
E002,Mitchell,Sarah,XXX-XX-1002,2024-01-01,2024-01-31,2024-02-03,"15,300.00","3,366.00",765.00,948.60,221.85,"9,998.55",Executive,Exempt
E002,Mitchell,Sarah,XXX-XX-1002,2024-02-01,2024-02-29,2024-03-03,"15,347.22","3,376.39",767.36,951.53,222.53,"10,029.41",Executive,Exempt
E002,Mitchell,Sarah,XXX-XX-1002,2024-03-01,2024-03-31,2024-04-03,"15,394.44","3,386.78",769.72,954.46,223.22,"10,060.26",Executive,Exempt
E002,Mitchell,Sarah,XXX-XX-1002,2024-04-01,2024-04-30,2024-05-03,"15,441.67","3,397.17",772.08,957.38,223.90,"10,091.14",Executive,Exempt
E002,Mitchell,Sarah,XXX-XX-1002,2024-05-01,2024-05-31,2024-06-03,"15,488.89","3,407.56",774.44,960.31,224.59,"10,121.99",Executive,Exempt
E002,Mitchell,Sarah,XXX-XX-1002,2024-06-01,2024-06-30,2024-07-03,"15,536.11","3,417.94",776.81,963.24,225.27,"10,152.85",Executive,Exempt
E002,Mitchell,Sarah,XXX-XX-1002,2024-07-01,2024-07-31,2024-08-03,"15,583.33","3,428.33",779.17,966.17,225.96,"10,183.70",Executive,Exempt
E002,Mitchell,Sarah,XXX-XX-1002,2024-08-01,2024-08-31,2024-09-03,"15,630.56","3,438.72",781.53,969.09,226.64,"10,214.58",Executive,Exempt
E002,Mitchell,Sarah,XXX-XX-1002,2024-09-01,2024-09-30,2024-10-03,"15,677.78","3,449.11",783.89,972.02,227.33,"10,245.43",Executive,Exempt
E002,Mitchell,Sarah,XXX-XX-1002,2024-10-01,2024-10-31,2024-11-03,"15,725.00","3,459.50",786.25,974.95,228.01,"10,276.29",Executive,Exempt
E002,Mitchell,Sarah,XXX-XX-1002,2024-11-01,2024-11-30,2024-12-03,"15,772.22","3,469.89",788.61,977.88,228.70,"10,307.14",Executive,Exempt
E002,Mitchell,Sarah,XXX-XX-1002,2024-12-01,2024-12-31,2025-01-03,"15,819.44","3,480.28",790.97,980.81,229.38,"10,338.00",Executive,Exempt
E003,Park,James,XXX-XX-1003,2022-01-01,2022-01-31,2022-02-03,"12,333.33","2,713.33",616.67,764.67,178.83,"8,059.83",Operations,Exempt
E003,Park,James,XXX-XX-1003,2022-02-01,2022-02-28,2022-03-03,"12,374.44","2,722.38",618.72,767.22,179.43,"8,086.69",Operations,Exempt
E003,Park,James,XXX-XX-1003,2022-03-01,2022-03-31,2022-04-03,"12,415.56","2,731.42",620.78,769.76,180.03,"8,113.57",Operations,Exempt
E003,Park,James,XXX-XX-1003,2022-04-01,2022-04-30,2022-05-03,"12,456.67","2,740.47",622.83,772.31,180.62,"8,140.44",Operations,Exempt
E003,Park,James,XXX-XX-1003,2022-05-01,2022-05-31,2022-06-03,"12,497.78","2,749.51",624.89,774.86,181.22,"8,167.30",Operations,Exempt
E003,Park,James,XXX-XX-1003,2022-06-01,2022-06-30,2022-07-03,"12,538.89","2,758.56",626.94,777.41,181.81,"8,194.17",Operations,Exempt
E003,Park,James,XXX-XX-1003,2022-07-01,2022-07-31,2022-08-03,"12,580.00","2,767.60",629.00,779.96,182.41,"8,221.03",Operations,Exempt
E003,Park,James,XXX-XX-1003,2022-08-01,2022-08-31,2022-09-03,"12,621.11","2,776.64",631.06,782.51,183.01,"8,247.89",Operations,Exempt
E003,Park,James,XXX-XX-1003,2022-09-01,2022-09-30,2022-10-03,"12,662.22","2,785.69",633.11,785.06,183.60,"8,274.76",Operations,Exempt
E003,Park,James,XXX-XX-1003,2022-10-01,2022-10-31,2022-11-03,"12,703.33","2,794.73",635.17,787.61,184.20,"8,301.62",Operations,Exempt
E003,Park,James,XXX-XX-1003,2022-11-01,2022-11-30,2022-12-03,"12,744.44","2,803.78",637.22,790.16,184.79,"8,328.49",Operations,Exempt
E003,Park,James,XXX-XX-1003,2022-12-01,2022-12-31,2023-01-03,"12,785.56","2,812.82",639.28,792.70,185.39,"8,355.37",Operations,Exempt
E003,Park,James,XXX-XX-1003,2023-01-01,2023-01-31,2023-02-03,"12,826.67","2,821.87",641.33,795.25,185.99,"8,382.23",Operations,Exempt
E003,Park,James,XXX-XX-1003,2023-02-01,2023-02-28,2023-03-03,"12,867.78","2,830.91",643.39,797.80,186.58,"8,409.10",Operations,Exempt
E003,Park,James,XXX-XX-1003,2023-03-01,2023-03-31,2023-04-03,"12,908.89","2,839.96",645.44,800.35,187.18,"8,435.96",Operations,Exempt
E003,Park,James,XXX-XX-1003,2023-04-01,2023-04-30,2023-05-03,"12,950.00","2,849.00",647.50,802.90,187.78,"8,462.82",Operations,Exempt
E003,Park,James,XXX-XX-1003,2023-05-01,2023-05-31,2023-06-03,"12,991.11","2,858.04",649.56,805.45,188.37,"8,489.69",Operations,Exempt
E003,Park,James,XXX-XX-1003,2023-06-01,2023-06-30,2023-07-03,"13,032.22","2,867.09",651.61,808.00,188.97,"8,516.55",Operations,Exempt
E003,Park,James,XXX-XX-1003,2023-07-01,2023-07-31,2023-08-03,"13,073.33","2,876.13",653.67,810.55,189.56,"8,543.42",Operations,Exempt
E003,Park,James,XXX-XX-1003,2023-08-01,2023-08-31,2023-09-03,"13,114.44","2,885.18",655.72,813.10,190.16,"8,570.28",Operations,Exempt
E003,Park,James,XXX-XX-1003,2023-09-01,2023-09-30,2023-10-03,"13,155.56","2,894.22",657.78,815.64,190.76,"8,597.16",Operations,Exempt
E003,Park,James,XXX-XX-1003,2023-10-01,2023-10-31,2023-11-03,"13,196.67","2,903.27",659.83,818.19,191.35,"8,624.03",Operations,Exempt
E003,Park,James,XXX-XX-1003,2023-11-01,2023-11-30,2023-12-03,"13,237.78","2,912.31",661.89,820.74,191.95,"8,650.89",Operations,Exempt
E003,Park,James,XXX-XX-1003,2023-12-01,2023-12-31,2024-01-03,"13,278.89","2,921.36",663.94,823.29,192.54,"8,677.76",Operations,Exempt
E003,Park,James,XXX-XX-1003,2024-01-01,2024-01-31,2024-02-03,"13,320.00","2,930.40",666.00,825.84,193.14,"8,704.62",Operations,Exempt
E003,Park,James,XXX-XX-1003,2024-02-01,2024-02-29,2024-03-03,"13,361.11","2,939.44",668.06,828.39,193.74,"8,731.48",Operations,Exempt
E003,Park,James,XXX-XX-1003,2024-03-01,2024-03-31,2024-04-03,"13,402.22","2,948.49",670.11,830.94,194.33,"8,758.35",Operations,Exempt
E003,Park,James,XXX-XX-1003,2024-04-01,2024-04-30,2024-05-03,"13,443.33","2,957.53",672.17,833.49,194.93,"8,785.21",Operations,Exempt
E003,Park,James,XXX-XX-1003,2024-05-01,2024-05-31,2024-06-03,"13,484.44","2,966.58",674.22,836.04,195.52,"8,812.08",Operations,Exempt
E003,Park,James,XXX-XX-1003,2024-06-01,2024-06-30,2024-07-03,"13,525.56","2,975.62",676.28,838.58,196.12,"8,838.96",Operations,Exempt
E003,Park,James,XXX-XX-1003,2024-07-01,2024-07-31,2024-08-03,"13,566.67","2,984.67",678.33,841.13,196.72,"8,865.82",Operations,Exempt
E003,Park,James,XXX-XX-1003,2024-08-01,2024-08-31,2024-09-03,"13,607.78","2,993.71",680.39,843.68,197.31,"8,892.69",Operations,Exempt
E003,Park,James,XXX-XX-1003,2024-09-01,2024-09-30,2024-10-03,"13,648.89","3,002.76",682.44,846.23,197.91,"8,919.55",Operations,Exempt
E003,Park,James,XXX-XX-1003,2024-10-01,2024-10-31,2024-11-03,"13,690.00","3,011.80",684.50,848.78,198.51,"8,946.41",Operations,Exempt
E003,Park,James,XXX-XX-1003,2024-11-01,2024-11-30,2024-12-03,"13,731.11","3,020.84",686.56,851.33,199.10,"8,973.28",Operations,Exempt
E003,Park,James,XXX-XX-1003,2024-12-01,2024-12-31,2025-01-03,"13,772.22","3,029.89",688.61,853.88,199.70,"9,000.14",Operations,Exempt
E004,Watson,Emily,XXX-XX-1004,2022-01-01,2022-01-31,2022-02-03,"11,500.00","2,530.00",575.00,713.00,166.75,"7,515.25",Client Svc,Exempt
E004,Watson,Emily,XXX-XX-1004,2022-02-01,2022-02-28,2022-03-03,"11,538.33","2,538.43",576.92,715.38,167.31,"7,540.29",Client Svc,Exempt
E004,Watson,Emily,XXX-XX-1004,2022-03-01,2022-03-31,2022-04-03,"11,576.67","2,546.87",578.83,717.75,167.86,"7,565.36",Client Svc,Exempt
E004,Watson,Emily,XXX-XX-1004,2022-04-01,2022-04-30,2022-05-03,"11,615.00","2,555.30",580.75,720.13,168.42,"7,590.40",Client Svc,Exempt
E004,Watson,Emily,XXX-XX-1004,2022-05-01,2022-05-31,2022-06-03,"11,653.33","2,563.73",582.67,722.51,168.97,"7,615.45",Client Svc,Exempt
E004,Watson,Emily,XXX-XX-1004,2022-06-01,2022-06-30,2022-07-03,"11,691.67","2,572.17",584.58,724.88,169.53,"7,640.51",Client Svc,Exempt
E004,Watson,Emily,XXX-XX-1004,2022-07-01,2022-07-31,2022-08-03,"11,730.00","2,580.60",586.50,727.26,170.09,"7,665.55",Client Svc,Exempt
E004,Watson,Emily,XXX-XX-1004,2022-08-01,2022-08-31,2022-09-03,"11,768.33","2,589.03",588.42,729.64,170.64,"7,690.60",Client Svc,Exempt
E004,Watson,Emily,XXX-XX-1004,2022-09-01,2022-09-30,2022-10-03,"11,806.67","2,597.47",590.33,732.01,171.20,"7,715.66",Client Svc,Exempt
E004,Watson,Emily,XXX-XX-1004,2022-10-01,2022-10-31,2022-11-03,"11,845.00","2,605.90",592.25,734.39,171.75,"7,740.71",Client Svc,Exempt
E004,Watson,Emily,XXX-XX-1004,2022-11-01,2022-11-30,2022-12-03,"11,883.33","2,614.33",594.17,736.77,172.31,"7,765.75",Client Svc,Exempt
E004,Watson,Emily,XXX-XX-1004,2022-12-01,2022-12-31,2023-01-03,"11,921.67","2,622.77",596.08,739.14,172.86,"7,790.82",Client Svc,Exempt
E004,Watson,Emily,XXX-XX-1004,2023-01-01,2023-01-31,2023-02-03,"11,960.00","2,631.20",598.00,741.52,173.42,"7,815.86",Client Svc,Exempt
E004,Watson,Emily,XXX-XX-1004,2023-02-01,2023-02-28,2023-03-03,"11,998.33","2,639.63",599.92,743.90,173.98,"7,840.90",Client Svc,Exempt
E004,Watson,Emily,XXX-XX-1004,2023-03-01,2023-03-31,2023-04-03,"12,036.67","2,648.07",601.83,746.27,174.53,"7,865.97",Client Svc,Exempt
E004,Watson,Emily,XXX-XX-1004,2023-04-01,2023-04-30,2023-05-03,"12,075.00","2,656.50",603.75,748.65,175.09,"7,891.01",Client Svc,Exempt
E004,Watson,Emily,XXX-XX-1004,2023-05-01,2023-05-31,2023-06-03,"12,113.33","2,664.93",605.67,751.03,175.64,"7,916.06",Client Svc,Exempt
E004,Watson,Emily,XXX-XX-1004,2023-06-01,2023-06-30,2023-07-03,"12,151.67","2,673.37",607.58,753.40,176.20,"7,941.12",Client Svc,Exempt
E004,Watson,Emily,XXX-XX-1004,2023-07-01,2023-07-31,2023-08-03,"12,190.00","2,681.80",609.50,755.78,176.75,"7,966.17",Client Svc,Exempt
E004,Watson,Emily,XXX-XX-1004,2023-08-01,2023-08-31,2023-09-03,"12,228.33","2,690.23",611.42,758.16,177.31,"7,991.21",Client Svc,Exempt
E004,Watson,Emily,XXX-XX-1004,2023-09-01,2023-09-30,2023-10-03,"12,266.67","2,698.67",613.33,760.53,177.87,"8,016.27",Client Svc,Exempt
E004,Watson,Emily,XXX-XX-1004,2023-10-01,2023-10-31,2023-11-03,"12,305.00","2,707.10",615.25,762.91,178.42,"8,041.32",Client Svc,Exempt
E004,Watson,Emily,XXX-XX-1004,2023-11-01,2023-11-30,2023-12-03,"12,343.33","2,715.53",617.17,765.29,178.98,"8,066.36",Client Svc,Exempt
E004,Watson,Emily,XXX-XX-1004,2023-12-01,2023-12-31,2024-01-03,"12,381.67","2,723.97",619.08,767.66,179.53,"8,091.43",Client Svc,Exempt
E004,Watson,Emily,XXX-XX-1004,2024-01-01,2024-01-31,2024-02-03,"12,420.00","2,732.40",621.00,770.04,180.09,"8,116.47",Client Svc,Exempt
E004,Watson,Emily,XXX-XX-1004,2024-02-01,2024-02-29,2024-03-03,"12,458.33","2,740.83",622.92,772.42,180.65,"8,141.51",Client Svc,Exempt
E004,Watson,Emily,XXX-XX-1004,2024-03-01,2024-03-31,2024-04-03,"12,496.67","2,749.27",624.83,774.79,181.20,"8,166.58",Client Svc,Exempt
E004,Watson,Emily,XXX-XX-1004,2024-04-01,2024-04-30,2024-05-03,"12,535.00","2,757.70",626.75,777.17,181.76,"8,191.62",Client Svc,Exempt
E004,Watson,Emily,XXX-XX-1004,2024-05-01,2024-05-31,2024-06-03,"12,573.33","2,766.13",628.67,779.55,182.31,"8,216.67",Client Svc,Exempt
E004,Watson,Emily,XXX-XX-1004,2024-06-01,2024-06-30,2024-07-03,"12,611.67","2,774.57",630.58,781.92,182.87,"8,241.73",Client Svc,Exempt
E004,Watson,Emily,XXX-XX-1004,2024-07-01,2024-07-31,2024-08-03,"12,650.00","2,783.00",632.50,784.30,183.43,"8,266.77",Client Svc,Exempt
E004,Watson,Emily,XXX-XX-1004,2024-08-01,2024-08-31,2024-09-03,"12,688.33","2,791.43",634.42,786.68,183.98,"8,291.82",Client Svc,Exempt
E004,Watson,Emily,XXX-XX-1004,2024-09-01,2024-09-30,2024-10-03,"12,726.67","2,799.87",636.33,789.05,184.54,"8,316.88",Client Svc,Exempt
E004,Watson,Emily,XXX-XX-1004,2024-10-01,2024-10-31,2024-11-03,"12,765.00","2,808.30",638.25,791.43,185.09,"8,341.93",Client Svc,Exempt
E004,Watson,Emily,XXX-XX-1004,2024-11-01,2024-11-30,2024-12-03,"12,803.33","2,816.73",640.17,793.81,185.65,"8,366.97",Client Svc,Exempt
E004,Watson,Emily,XXX-XX-1004,2024-12-01,2024-12-31,2025-01-03,"12,841.67","2,825.17",642.08,796.18,186.20,"8,392.04",Client Svc,Exempt
E005,Torres,Michael,XXX-XX-1005,2022-01-01,2022-01-31,2022-02-03,"9,833.33","2,163.33",491.67,609.67,142.58,"6,426.08",Consulting,Exempt
E005,Torres,Michael,XXX-XX-1005,2022-02-01,2022-02-28,2022-03-03,"9,866.11","2,170.54",493.31,611.70,143.06,"6,447.50",Consulting,Exempt
E005,Torres,Michael,XXX-XX-1005,2022-03-01,2022-03-31,2022-04-03,"9,898.89","2,177.76",494.94,613.73,143.53,"6,468.93",Consulting,Exempt
E005,Torres,Michael,XXX-XX-1005,2022-04-01,2022-04-30,2022-05-03,"9,931.67","2,184.97",496.58,615.76,144.01,"6,490.35",Consulting,Exempt
E005,Torres,Michael,XXX-XX-1005,2022-05-01,2022-05-31,2022-06-03,"9,964.44","2,192.18",498.22,617.80,144.48,"6,511.76",Consulting,Exempt
E005,Torres,Michael,XXX-XX-1005,2022-06-01,2022-06-30,2022-07-03,"9,997.22","2,199.39",499.86,619.83,144.96,"6,533.18",Consulting,Exempt
E005,Torres,Michael,XXX-XX-1005,2022-07-01,2022-07-31,2022-08-03,"10,030.00","2,206.60",501.50,621.86,145.44,"6,554.60",Consulting,Exempt
E005,Torres,Michael,XXX-XX-1005,2022-08-01,2022-08-31,2022-09-03,"10,062.78","2,213.81",503.14,623.89,145.91,"6,576.03",Consulting,Exempt
E005,Torres,Michael,XXX-XX-1005,2022-09-01,2022-09-30,2022-10-03,"10,095.56","2,221.02",504.78,625.92,146.39,"6,597.45",Consulting,Exempt
E005,Torres,Michael,XXX-XX-1005,2022-10-01,2022-10-31,2022-11-03,"10,128.33","2,228.23",506.42,627.96,146.86,"6,618.86",Consulting,Exempt
E005,Torres,Michael,XXX-XX-1005,2022-11-01,2022-11-30,2022-12-03,"10,161.11","2,235.44",508.06,629.99,147.34,"6,640.28",Consulting,Exempt
E005,Torres,Michael,XXX-XX-1005,2022-12-01,2022-12-31,2023-01-03,"10,193.89","2,242.66",509.69,632.02,147.81,"6,661.71",Consulting,Exempt
E005,Torres,Michael,XXX-XX-1005,2023-01-01,2023-01-31,2023-02-03,"10,226.67","2,249.87",511.33,634.05,148.29,"6,683.13",Consulting,Exempt
E005,Torres,Michael,XXX-XX-1005,2023-02-01,2023-02-28,2023-03-03,"10,259.44","2,257.08",512.97,636.09,148.76,"6,704.54",Consulting,Exempt
E005,Torres,Michael,XXX-XX-1005,2023-03-01,2023-03-31,2023-04-03,"10,292.22","2,264.29",514.61,638.12,149.24,"6,725.96",Consulting,Exempt
E005,Torres,Michael,XXX-XX-1005,2023-04-01,2023-04-30,2023-05-03,"10,325.00","2,271.50",516.25,640.15,149.71,"6,747.39",Consulting,Exempt
E005,Torres,Michael,XXX-XX-1005,2023-05-01,2023-05-31,2023-06-03,"10,357.78","2,278.71",517.89,642.18,150.19,"6,768.81",Consulting,Exempt
E005,Torres,Michael,XXX-XX-1005,2023-06-01,2023-06-30,2023-07-03,"10,390.56","2,285.92",519.53,644.21,150.66,"6,790.24",Consulting,Exempt
E005,Torres,Michael,XXX-XX-1005,2023-07-01,2023-07-31,2023-08-03,"10,423.33","2,293.13",521.17,646.25,151.14,"6,811.64",Consulting,Exempt
E005,Torres,Michael,XXX-XX-1005,2023-08-01,2023-08-31,2023-09-03,"10,456.11","2,300.34",522.81,648.28,151.61,"6,833.07",Consulting,Exempt
E005,Torres,Michael,XXX-XX-1005,2023-09-01,2023-09-30,2023-10-03,"10,488.89","2,307.56",524.44,650.31,152.09,"6,854.49",Consulting,Exempt
E005,Torres,Michael,XXX-XX-1005,2023-10-01,2023-10-31,2023-11-03,"10,521.67","2,314.77",526.08,652.34,152.56,"6,875.92",Consulting,Exempt
E005,Torres,Michael,XXX-XX-1005,2023-11-01,2023-11-30,2023-12-03,"10,554.44","2,321.98",527.72,654.38,153.04,"6,897.32",Consulting,Exempt
E005,Torres,Michael,XXX-XX-1005,2023-12-01,2023-12-31,2024-01-03,"10,587.22","2,329.19",529.36,656.41,153.51,"6,918.75",Consulting,Exempt
E005,Torres,Michael,XXX-XX-1005,2024-01-01,2024-01-31,2024-02-03,"10,620.00","2,336.40",531.00,658.44,153.99,"6,940.17",Consulting,Exempt
E005,Torres,Michael,XXX-XX-1005,2024-02-01,2024-02-29,2024-03-03,"10,652.78","2,343.61",532.64,660.47,154.47,"6,961.59",Consulting,Exempt
E005,Torres,Michael,XXX-XX-1005,2024-03-01,2024-03-31,2024-04-03,"10,685.56","2,350.82",534.28,662.50,154.94,"6,983.02",Consulting,Exempt
E005,Torres,Michael,XXX-XX-1005,2024-04-01,2024-04-30,2024-05-03,"10,718.33","2,358.03",535.92,664.54,155.42,"7,004.42",Consulting,Exempt
E005,Torres,Michael,XXX-XX-1005,2024-05-01,2024-05-31,2024-06-03,"10,751.11","2,365.24",537.56,666.57,155.89,"7,025.85",Consulting,Exempt
E005,Torres,Michael,XXX-XX-1005,2024-06-01,2024-06-30,2024-07-03,"10,783.89","2,372.46",539.19,668.60,156.37,"7,047.27",Consulting,Exempt
E005,Torres,Michael,XXX-XX-1005,2024-07-01,2024-07-31,2024-08-03,"10,816.67","2,379.67",540.83,670.63,156.84,"7,068.70",Consulting,Exempt
E005,Torres,Michael,XXX-XX-1005,2024-08-01,2024-08-31,2024-09-03,"10,849.44","2,386.88",542.47,672.67,157.32,"7,090.10",Consulting,Exempt
E005,Torres,Michael,XXX-XX-1005,2024-09-01,2024-09-30,2024-10-03,"10,882.22","2,394.09",544.11,674.70,157.79,"7,111.53",Consulting,Exempt
E005,Torres,Michael,XXX-XX-1005,2024-10-01,2024-10-31,2024-11-03,"10,915.00","2,401.30",545.75,676.73,158.27,"7,132.95",Consulting,Exempt
E005,Torres,Michael,XXX-XX-1005,2024-11-01,2024-11-30,2024-12-03,"10,947.78","2,408.51",547.39,678.76,158.74,"7,154.38",Consulting,Exempt
E005,Torres,Michael,XXX-XX-1005,2024-12-01,2024-12-31,2025-01-03,"10,980.56","2,415.72",549.03,680.79,159.22,"7,175.80",Consulting,Exempt
E006,Foster,Amanda,XXX-XX-1006,2022-01-01,2022-01-31,2022-02-03,"9,333.33","2,053.33",466.67,578.67,135.33,"6,099.33",Consulting,Exempt
E006,Foster,Amanda,XXX-XX-1006,2022-02-01,2022-02-28,2022-03-03,"9,364.44","2,060.18",468.22,580.60,135.78,"6,119.66",Consulting,Exempt
E006,Foster,Amanda,XXX-XX-1006,2022-03-01,2022-03-31,2022-04-03,"9,395.56","2,067.02",469.78,582.52,136.24,"6,140.00",Consulting,Exempt
E006,Foster,Amanda,XXX-XX-1006,2022-04-01,2022-04-30,2022-05-03,"9,426.67","2,073.87",471.33,584.45,136.69,"6,160.33",Consulting,Exempt
E006,Foster,Amanda,XXX-XX-1006,2022-05-01,2022-05-31,2022-06-03,"9,457.78","2,080.71",472.89,586.38,137.14,"6,180.66",Consulting,Exempt
E006,Foster,Amanda,XXX-XX-1006,2022-06-01,2022-06-30,2022-07-03,"9,488.89","2,087.56",474.44,588.31,137.59,"6,200.99",Consulting,Exempt
E006,Foster,Amanda,XXX-XX-1006,2022-07-01,2022-07-31,2022-08-03,"9,520.00","2,094.40",476.00,590.24,138.04,"6,221.32",Consulting,Exempt
E006,Foster,Amanda,XXX-XX-1006,2022-08-01,2022-08-31,2022-09-03,"9,551.11","2,101.24",477.56,592.17,138.49,"6,241.65",Consulting,Exempt
E006,Foster,Amanda,XXX-XX-1006,2022-09-01,2022-09-30,2022-10-03,"9,582.22","2,108.09",479.11,594.10,138.94,"6,261.98",Consulting,Exempt
E006,Foster,Amanda,XXX-XX-1006,2022-10-01,2022-10-31,2022-11-03,"9,613.33","2,114.93",480.67,596.03,139.39,"6,282.31",Consulting,Exempt
E006,Foster,Amanda,XXX-XX-1006,2022-11-01,2022-11-30,2022-12-03,"9,644.44","2,121.78",482.22,597.96,139.84,"6,302.64",Consulting,Exempt
E006,Foster,Amanda,XXX-XX-1006,2022-12-01,2022-12-31,2023-01-03,"9,675.56","2,128.62",483.78,599.88,140.30,"6,322.98",Consulting,Exempt
E006,Foster,Amanda,XXX-XX-1006,2023-01-01,2023-01-31,2023-02-03,"9,706.67","2,135.47",485.33,601.81,140.75,"6,343.31",Consulting,Exempt
E006,Foster,Amanda,XXX-XX-1006,2023-02-01,2023-02-28,2023-03-03,"9,737.78","2,142.31",486.89,603.74,141.20,"6,363.64",Consulting,Exempt
E006,Foster,Amanda,XXX-XX-1006,2023-03-01,2023-03-31,2023-04-03,"9,768.89","2,149.16",488.44,605.67,141.65,"6,383.97",Consulting,Exempt
E006,Foster,Amanda,XXX-XX-1006,2023-04-01,2023-04-30,2023-05-03,"9,800.00","2,156.00",490.00,607.60,142.10,"6,404.30",Consulting,Exempt
E006,Foster,Amanda,XXX-XX-1006,2023-05-01,2023-05-31,2023-06-03,"9,831.11","2,162.84",491.56,609.53,142.55,"6,424.63",Consulting,Exempt
E006,Foster,Amanda,XXX-XX-1006,2023-06-01,2023-06-30,2023-07-03,"9,862.22","2,169.69",493.11,611.46,143.00,"6,444.96",Consulting,Exempt
E006,Foster,Amanda,XXX-XX-1006,2023-07-01,2023-07-31,2023-08-03,"9,893.33","2,176.53",494.67,613.39,143.45,"6,465.29",Consulting,Exempt
E006,Foster,Amanda,XXX-XX-1006,2023-08-01,2023-08-31,2023-09-03,"9,924.44","2,183.38",496.22,615.32,143.90,"6,485.62",Consulting,Exempt
E006,Foster,Amanda,XXX-XX-1006,2023-09-01,2023-09-30,2023-10-03,"9,955.56","2,190.22",497.78,617.24,144.36,"6,505.96",Consulting,Exempt
E006,Foster,Amanda,XXX-XX-1006,2023-10-01,2023-10-31,2023-11-03,"9,986.67","2,197.07",499.33,619.17,144.81,"6,526.29",Consulting,Exempt
E006,Foster,Amanda,XXX-XX-1006,2023-11-01,2023-11-30,2023-12-03,"10,017.78","2,203.91",500.89,621.10,145.26,"6,546.62",Consulting,Exempt
E006,Foster,Amanda,XXX-XX-1006,2023-12-01,2023-12-31,2024-01-03,"10,048.89","2,210.76",502.44,623.03,145.71,"6,566.95",Consulting,Exempt
E006,Foster,Amanda,XXX-XX-1006,2024-01-01,2024-01-31,2024-02-03,"10,080.00","2,217.60",504.00,624.96,146.16,"6,587.28",Consulting,Exempt
E006,Foster,Amanda,XXX-XX-1006,2024-02-01,2024-02-29,2024-03-03,"10,111.11","2,224.44",505.56,626.89,146.61,"6,607.61",Consulting,Exempt
E006,Foster,Amanda,XXX-XX-1006,2024-03-01,2024-03-31,2024-04-03,"10,142.22","2,231.29",507.11,628.82,147.06,"6,627.94",Consulting,Exempt
E006,Foster,Amanda,XXX-XX-1006,2024-04-01,2024-04-30,2024-05-03,"10,173.33","2,238.13",508.67,630.75,147.51,"6,648.27",Consulting,Exempt
E006,Foster,Amanda,XXX-XX-1006,2024-05-01,2024-05-31,2024-06-03,"10,204.44","2,244.98",510.22,632.68,147.96,"6,668.60",Consulting,Exempt
E006,Foster,Amanda,XXX-XX-1006,2024-06-01,2024-06-30,2024-07-03,"10,235.56","2,251.82",511.78,634.60,148.42,"6,688.94",Consulting,Exempt
E006,Foster,Amanda,XXX-XX-1006,2024-07-01,2024-07-31,2024-08-03,"10,266.67","2,258.67",513.33,636.53,148.87,"6,709.27",Consulting,Exempt
E006,Foster,Amanda,XXX-XX-1006,2024-08-01,2024-08-31,2024-09-03,"10,297.78","2,265.51",514.89,638.46,149.32,"6,729.60",Consulting,Exempt
E006,Foster,Amanda,XXX-XX-1006,2024-09-01,2024-09-30,2024-10-03,"10,328.89","2,272.36",516.44,640.39,149.77,"6,749.93",Consulting,Exempt
E006,Foster,Amanda,XXX-XX-1006,2024-10-01,2024-10-31,2024-11-03,"10,360.00","2,279.20",518.00,642.32,150.22,"6,770.26",Consulting,Exempt
E006,Foster,Amanda,XXX-XX-1006,2024-11-01,2024-11-30,2024-12-03,"10,391.11","2,286.04",519.56,644.25,150.67,"6,790.59",Consulting,Exempt
E006,Foster,Amanda,XXX-XX-1006,2024-12-01,2024-12-31,2025-01-03,"10,422.22","2,292.89",521.11,646.18,151.12,"6,810.92",Consulting,Exempt
E007,Kim,David,XXX-XX-1007,2022-02-01,2022-02-28,2022-03-03,"8,026.67","1,765.87",401.33,497.65,116.39,"5,245.43",Consulting,Exempt
E007,Kim,David,XXX-XX-1007,2022-03-01,2022-03-31,2022-04-03,"8,053.33","1,771.73",402.67,499.31,116.77,"5,262.85",Consulting,Exempt
E007,Kim,David,XXX-XX-1007,2022-04-01,2022-04-30,2022-05-03,"8,080.00","1,777.60",404.00,500.96,117.16,"5,280.28",Consulting,Exempt
E007,Kim,David,XXX-XX-1007,2022-05-01,2022-05-31,2022-06-03,"8,106.67","1,783.47",405.33,502.61,117.55,"5,297.71",Consulting,Exempt
E007,Kim,David,XXX-XX-1007,2022-06-01,2022-06-30,2022-07-03,"8,133.33","1,789.33",406.67,504.27,117.93,"5,315.13",Consulting,Exempt
E007,Kim,David,XXX-XX-1007,2022-07-01,2022-07-31,2022-08-03,"8,160.00","1,795.20",408.00,505.92,118.32,"5,332.56",Consulting,Exempt
E007,Kim,David,XXX-XX-1007,2022-08-01,2022-08-31,2022-09-03,"8,186.67","1,801.07",409.33,507.57,118.71,"5,349.99",Consulting,Exempt
E007,Kim,David,XXX-XX-1007,2022-09-01,2022-09-30,2022-10-03,"8,213.33","1,806.93",410.67,509.23,119.09,"5,367.41",Consulting,Exempt
E007,Kim,David,XXX-XX-1007,2022-10-01,2022-10-31,2022-11-03,"8,240.00","1,812.80",412.00,510.88,119.48,"5,384.84",Consulting,Exempt
E007,Kim,David,XXX-XX-1007,2022-11-01,2022-11-30,2022-12-03,"8,266.67","1,818.67",413.33,512.53,119.87,"5,402.27",Consulting,Exempt
E007,Kim,David,XXX-XX-1007,2022-12-01,2022-12-31,2023-01-03,"8,293.33","1,824.53",414.67,514.19,120.25,"5,419.69",Consulting,Exempt
E007,Kim,David,XXX-XX-1007,2023-01-01,2023-01-31,2023-02-03,"8,320.00","1,830.40",416.00,515.84,120.64,"5,437.12",Consulting,Exempt
E007,Kim,David,XXX-XX-1007,2023-02-01,2023-02-28,2023-03-03,"8,346.67","1,836.27",417.33,517.49,121.03,"5,454.55",Consulting,Exempt
E007,Kim,David,XXX-XX-1007,2023-03-01,2023-03-31,2023-04-03,"8,373.33","1,842.13",418.67,519.15,121.41,"5,471.97",Consulting,Exempt
E007,Kim,David,XXX-XX-1007,2023-04-01,2023-04-30,2023-05-03,"8,400.00","1,848.00",420.00,520.80,121.80,"5,489.40",Consulting,Exempt
E007,Kim,David,XXX-XX-1007,2023-05-01,2023-05-31,2023-06-03,"8,426.67","1,853.87",421.33,522.45,122.19,"5,506.83",Consulting,Exempt
E007,Kim,David,XXX-XX-1007,2023-06-01,2023-06-30,2023-07-03,"8,453.33","1,859.73",422.67,524.11,122.57,"5,524.25",Consulting,Exempt
E007,Kim,David,XXX-XX-1007,2023-07-01,2023-07-31,2023-08-03,"8,480.00","1,865.60",424.00,525.76,122.96,"5,541.68",Consulting,Exempt
E007,Kim,David,XXX-XX-1007,2023-08-01,2023-08-31,2023-09-03,"8,506.67","1,871.47",425.33,527.41,123.35,"5,559.11",Consulting,Exempt
E007,Kim,David,XXX-XX-1007,2023-09-01,2023-09-30,2023-10-03,"8,533.33","1,877.33",426.67,529.07,123.73,"5,576.53",Consulting,Exempt
E007,Kim,David,XXX-XX-1007,2023-10-01,2023-10-31,2023-11-03,"8,560.00","1,883.20",428.00,530.72,124.12,"5,593.96",Consulting,Exempt
E007,Kim,David,XXX-XX-1007,2023-11-01,2023-11-30,2023-12-03,"8,586.67","1,889.07",429.33,532.37,124.51,"5,611.39",Consulting,Exempt
E007,Kim,David,XXX-XX-1007,2023-12-01,2023-12-31,2024-01-03,"8,613.33","1,894.93",430.67,534.03,124.89,"5,628.81",Consulting,Exempt
E007,Kim,David,XXX-XX-1007,2024-01-01,2024-01-31,2024-02-03,"8,640.00","1,900.80",432.00,535.68,125.28,"5,646.24",Consulting,Exempt
E007,Kim,David,XXX-XX-1007,2024-02-01,2024-02-29,2024-03-03,"8,666.67","1,906.67",433.33,537.33,125.67,"5,663.67",Consulting,Exempt
E007,Kim,David,XXX-XX-1007,2024-03-01,2024-03-31,2024-04-03,"8,693.33","1,912.53",434.67,538.99,126.05,"5,681.09",Consulting,Exempt
E007,Kim,David,XXX-XX-1007,2024-04-01,2024-04-30,2024-05-03,"8,720.00","1,918.40",436.00,540.64,126.44,"5,698.52",Consulting,Exempt
E007,Kim,David,XXX-XX-1007,2024-05-01,2024-05-31,2024-06-03,"8,746.67","1,924.27",437.33,542.29,126.83,"5,715.95",Consulting,Exempt
E007,Kim,David,XXX-XX-1007,2024-06-01,2024-06-30,2024-07-03,"8,773.33","1,930.13",438.67,543.95,127.21,"5,733.37",Consulting,Exempt
E007,Kim,David,XXX-XX-1007,2024-07-01,2024-07-31,2024-08-03,"8,800.00","1,936.00",440.00,545.60,127.60,"5,750.80",Consulting,Exempt
E007,Kim,David,XXX-XX-1007,2024-08-01,2024-08-31,2024-09-03,"8,826.67","1,941.87",441.33,547.25,127.99,"5,768.23",Consulting,Exempt
E007,Kim,David,XXX-XX-1007,2024-09-01,2024-09-30,2024-10-03,"8,853.33","1,947.73",442.67,548.91,128.37,"5,785.65",Consulting,Exempt
E007,Kim,David,XXX-XX-1007,2024-10-01,2024-10-31,2024-11-03,"8,880.00","1,953.60",444.00,550.56,128.76,"5,803.08",Consulting,Exempt
E007,Kim,David,XXX-XX-1007,2024-11-01,2024-11-30,2024-12-03,"8,906.67","1,959.47",445.33,552.21,129.15,"5,820.51",Consulting,Exempt
E007,Kim,David,XXX-XX-1007,2024-12-01,2024-12-31,2025-01-03,"8,933.33","1,965.33",446.67,553.87,129.53,"5,837.93",Consulting,Exempt
E008,Green,Rachel,XXX-XX-1008,2022-06-01,2022-06-30,2022-07-03,"7,794.44","1,714.78",389.72,483.26,113.02,"5,093.66",Consulting,Exempt
E008,Green,Rachel,XXX-XX-1008,2022-07-01,2022-07-31,2022-08-03,"7,820.00","1,720.40",391.00,484.84,113.39,"5,110.37",Consulting,Exempt
E008,Green,Rachel,XXX-XX-1008,2022-08-01,2022-08-31,2022-09-03,"7,845.56","1,726.02",392.28,486.42,113.76,"5,127.08",Consulting,Exempt
E008,Green,Rachel,XXX-XX-1008,2022-09-01,2022-09-30,2022-10-03,"7,871.11","1,731.64",393.56,488.01,114.13,"5,143.77",Consulting,Exempt
E008,Green,Rachel,XXX-XX-1008,2022-10-01,2022-10-31,2022-11-03,"7,896.67","1,737.27",394.83,489.59,114.50,"5,160.48",Consulting,Exempt
E008,Green,Rachel,XXX-XX-1008,2022-11-01,2022-11-30,2022-12-03,"7,922.22","1,742.89",396.11,491.18,114.87,"5,177.17",Consulting,Exempt
E008,Green,Rachel,XXX-XX-1008,2022-12-01,2022-12-31,2023-01-03,"7,947.78","1,748.51",397.39,492.76,115.24,"5,193.88",Consulting,Exempt
E008,Green,Rachel,XXX-XX-1008,2023-01-01,2023-01-31,2023-02-03,"7,973.33","1,754.13",398.67,494.35,115.61,"5,210.57",Consulting,Exempt
E008,Green,Rachel,XXX-XX-1008,2023-02-01,2023-02-28,2023-03-03,"7,998.89","1,759.76",399.94,495.93,115.98,"5,227.28",Consulting,Exempt
E008,Green,Rachel,XXX-XX-1008,2023-03-01,2023-03-31,2023-04-03,"8,024.44","1,765.38",401.22,497.52,116.35,"5,243.97",Consulting,Exempt
E008,Green,Rachel,XXX-XX-1008,2023-04-01,2023-04-30,2023-05-03,"8,050.00","1,771.00",402.50,499.10,116.73,"5,260.67",Consulting,Exempt
E008,Green,Rachel,XXX-XX-1008,2023-05-01,2023-05-31,2023-06-03,"8,075.56","1,776.62",403.78,500.68,117.10,"5,277.38",Consulting,Exempt
E008,Green,Rachel,XXX-XX-1008,2023-06-01,2023-06-30,2023-07-03,"8,101.11","1,782.24",405.06,502.27,117.47,"5,294.07",Consulting,Exempt
E008,Green,Rachel,XXX-XX-1008,2023-07-01,2023-07-31,2023-08-03,"8,126.67","1,787.87",406.33,503.85,117.84,"5,310.78",Consulting,Exempt
E008,Green,Rachel,XXX-XX-1008,2023-08-01,2023-08-31,2023-09-03,"8,152.22","1,793.49",407.61,505.44,118.21,"5,327.47",Consulting,Exempt
E008,Green,Rachel,XXX-XX-1008,2023-09-01,2023-09-30,2023-10-03,"8,177.78","1,799.11",408.89,507.02,118.58,"5,344.18",Consulting,Exempt
E008,Green,Rachel,XXX-XX-1008,2023-10-01,2023-10-31,2023-11-03,"8,203.33","1,804.73",410.17,508.61,118.95,"5,360.87",Consulting,Exempt
E008,Green,Rachel,XXX-XX-1008,2023-11-01,2023-11-30,2023-12-03,"8,228.89","1,810.36",411.44,510.19,119.32,"5,377.58",Consulting,Exempt
E008,Green,Rachel,XXX-XX-1008,2023-12-01,2023-12-31,2024-01-03,"8,254.44","1,815.98",412.72,511.78,119.69,"5,394.27",Consulting,Exempt
E008,Green,Rachel,XXX-XX-1008,2024-01-01,2024-01-31,2024-02-03,"8,280.00","1,821.60",414.00,513.36,120.06,"5,410.98",Consulting,Exempt
E008,Green,Rachel,XXX-XX-1008,2024-02-01,2024-02-29,2024-03-03,"8,305.56","1,827.22",415.28,514.94,120.43,"5,427.69",Consulting,Exempt
E008,Green,Rachel,XXX-XX-1008,2024-03-01,2024-03-31,2024-04-03,"8,331.11","1,832.84",416.56,516.53,120.80,"5,444.38",Consulting,Exempt
E008,Green,Rachel,XXX-XX-1008,2024-04-01,2024-04-30,2024-05-03,"8,356.67","1,838.47",417.83,518.11,121.17,"5,461.09",Consulting,Exempt
E008,Green,Rachel,XXX-XX-1008,2024-05-01,2024-05-31,2024-06-03,"8,382.22","1,844.09",419.11,519.70,121.54,"5,477.78",Consulting,Exempt
E008,Green,Rachel,XXX-XX-1008,2024-06-01,2024-06-30,2024-07-03,"8,407.78","1,849.71",420.39,521.28,121.91,"5,494.49",Consulting,Exempt
E008,Green,Rachel,XXX-XX-1008,2024-07-01,2024-07-31,2024-08-03,"8,433.33","1,855.33",421.67,522.87,122.28,"5,511.18",Consulting,Exempt
E008,Green,Rachel,XXX-XX-1008,2024-08-01,2024-08-31,2024-09-03,"8,458.89","1,860.96",422.94,524.45,122.65,"5,527.89",Consulting,Exempt
E008,Green,Rachel,XXX-XX-1008,2024-09-01,2024-09-30,2024-10-03,"8,484.44","1,866.58",424.22,526.04,123.02,"5,544.58",Consulting,Exempt
E008,Green,Rachel,XXX-XX-1008,2024-10-01,2024-10-31,2024-11-03,"8,510.00","1,872.20",425.50,527.62,123.40,"5,561.28",Consulting,Exempt
E008,Green,Rachel,XXX-XX-1008,2024-11-01,2024-11-30,2024-12-03,"8,535.56","1,877.82",426.78,529.20,123.77,"5,577.99",Consulting,Exempt
E008,Green,Rachel,XXX-XX-1008,2024-12-01,2024-12-31,2025-01-03,"8,561.11","1,883.44",428.06,530.79,124.14,"5,594.68",Consulting,Exempt
E009,Lee,Kevin,XXX-XX-1009,2023-01-01,2023-01-31,2023-02-03,"6,760.00","1,487.20",338.00,419.12,98.02,"4,417.66",Consulting,Exempt
E009,Lee,Kevin,XXX-XX-1009,2023-02-01,2023-02-28,2023-03-03,"6,781.67","1,491.97",339.08,420.46,98.33,"4,431.83",Consulting,Exempt
E009,Lee,Kevin,XXX-XX-1009,2023-03-01,2023-03-31,2023-04-03,"6,803.33","1,496.73",340.17,421.81,98.65,"4,445.97",Consulting,Exempt
E009,Lee,Kevin,XXX-XX-1009,2023-04-01,2023-04-30,2023-05-03,"6,825.00","1,501.50",341.25,423.15,98.96,"4,460.14",Consulting,Exempt
E009,Lee,Kevin,XXX-XX-1009,2023-05-01,2023-05-31,2023-06-03,"6,846.67","1,506.27",342.33,424.49,99.28,"4,474.30",Consulting,Exempt
E009,Lee,Kevin,XXX-XX-1009,2023-06-01,2023-06-30,2023-07-03,"6,868.33","1,511.03",343.42,425.84,99.59,"4,488.45",Consulting,Exempt
E009,Lee,Kevin,XXX-XX-1009,2023-07-01,2023-07-31,2023-08-03,"6,890.00","1,515.80",344.50,427.18,99.91,"4,502.61",Consulting,Exempt
E009,Lee,Kevin,XXX-XX-1009,2023-08-01,2023-08-31,2023-09-03,"6,911.67","1,520.57",345.58,428.52,100.22,"4,516.78",Consulting,Exempt
E009,Lee,Kevin,XXX-XX-1009,2023-09-01,2023-09-30,2023-10-03,"6,933.33","1,525.33",346.67,429.87,100.53,"4,530.93",Consulting,Exempt
E009,Lee,Kevin,XXX-XX-1009,2023-10-01,2023-10-31,2023-11-03,"6,955.00","1,530.10",347.75,431.21,100.85,"4,545.09",Consulting,Exempt
E009,Lee,Kevin,XXX-XX-1009,2023-11-01,2023-11-30,2023-12-03,"6,976.67","1,534.87",348.83,432.55,101.16,"4,559.26",Consulting,Exempt
E009,Lee,Kevin,XXX-XX-1009,2023-12-01,2023-12-31,2024-01-03,"6,998.33","1,539.63",349.92,433.90,101.48,"4,573.40",Consulting,Exempt
E009,Lee,Kevin,XXX-XX-1009,2024-01-01,2024-01-31,2024-02-03,"7,020.00","1,544.40",351.00,435.24,101.79,"4,587.57",Consulting,Exempt
E009,Lee,Kevin,XXX-XX-1009,2024-02-01,2024-02-29,2024-03-03,"7,041.67","1,549.17",352.08,436.58,102.10,"4,601.74",Consulting,Exempt
E009,Lee,Kevin,XXX-XX-1009,2024-03-01,2024-03-31,2024-04-03,"7,063.33","1,553.93",353.17,437.93,102.42,"4,615.88",Consulting,Exempt
E009,Lee,Kevin,XXX-XX-1009,2024-04-01,2024-04-30,2024-05-03,"7,085.00","1,558.70",354.25,439.27,102.73,"4,630.05",Consulting,Exempt
E009,Lee,Kevin,XXX-XX-1009,2024-05-01,2024-05-31,2024-06-03,"7,106.67","1,563.47",355.33,440.61,103.05,"4,644.21",Consulting,Exempt
E009,Lee,Kevin,XXX-XX-1009,2024-06-01,2024-06-30,2024-07-03,"7,128.33","1,568.23",356.42,441.96,103.36,"4,658.36",Consulting,Exempt
E009,Lee,Kevin,XXX-XX-1009,2024-07-01,2024-07-31,2024-08-03,"7,150.00","1,573.00",357.50,443.30,103.68,"4,672.52",Consulting,Exempt
E009,Lee,Kevin,XXX-XX-1009,2024-08-01,2024-08-31,2024-09-03,"7,171.67","1,577.77",358.58,444.64,103.99,"4,686.69",Consulting,Exempt
E009,Lee,Kevin,XXX-XX-1009,2024-09-01,2024-09-30,2024-10-03,"7,193.33","1,582.53",359.67,445.99,104.30,"4,700.84",Consulting,Exempt
E009,Lee,Kevin,XXX-XX-1009,2024-10-01,2024-10-31,2024-11-03,"7,215.00","1,587.30",360.75,447.33,104.62,"4,715.00",Consulting,Exempt
E009,Lee,Kevin,XXX-XX-1009,2024-11-01,2024-11-30,2024-12-03,"7,236.67","1,592.07",361.83,448.67,104.93,"4,729.17",Consulting,Exempt
E009,Lee,Kevin,XXX-XX-1009,2024-12-01,2024-12-31,2025-01-03,"7,258.33","1,596.83",362.92,450.02,105.25,"4,743.31",Consulting,Exempt
E010,Patel,Priya,XXX-XX-1010,2022-01-01,2022-01-31,2022-02-03,"5,583.33","1,228.33",279.17,346.17,80.96,"3,648.70",Operations,Exempt
E010,Patel,Priya,XXX-XX-1010,2022-02-01,2022-02-28,2022-03-03,"5,601.94","1,232.43",280.10,347.32,81.23,"3,660.86",Operations,Exempt
E010,Patel,Priya,XXX-XX-1010,2022-03-01,2022-03-31,2022-04-03,"5,620.56","1,236.52",281.03,348.47,81.50,"3,673.04",Operations,Exempt
E010,Patel,Priya,XXX-XX-1010,2022-04-01,2022-04-30,2022-05-03,"5,639.17","1,240.62",281.96,349.63,81.77,"3,685.19",Operations,Exempt
E010,Patel,Priya,XXX-XX-1010,2022-05-01,2022-05-31,2022-06-03,"5,657.78","1,244.71",282.89,350.78,82.04,"3,697.36",Operations,Exempt
E010,Patel,Priya,XXX-XX-1010,2022-06-01,2022-06-30,2022-07-03,"5,676.39","1,248.81",283.82,351.94,82.31,"3,709.51",Operations,Exempt
E010,Patel,Priya,XXX-XX-1010,2022-07-01,2022-07-31,2022-08-03,"5,695.00","1,252.90",284.75,353.09,82.58,"3,721.68",Operations,Exempt
E010,Patel,Priya,XXX-XX-1010,2022-08-01,2022-08-31,2022-09-03,"5,713.61","1,256.99",285.68,354.24,82.85,"3,733.85",Operations,Exempt
E010,Patel,Priya,XXX-XX-1010,2022-09-01,2022-09-30,2022-10-03,"5,732.22","1,261.09",286.61,355.40,83.12,"3,746.00",Operations,Exempt
E010,Patel,Priya,XXX-XX-1010,2022-10-01,2022-10-31,2022-11-03,"5,750.83","1,265.18",287.54,356.55,83.39,"3,758.17",Operations,Exempt
E010,Patel,Priya,XXX-XX-1010,2022-11-01,2022-11-30,2022-12-03,"5,769.44","1,269.28",288.47,357.71,83.66,"3,770.32",Operations,Exempt
E010,Patel,Priya,XXX-XX-1010,2022-12-01,2022-12-31,2023-01-03,"5,788.06","1,273.37",289.40,358.86,83.93,"3,782.50",Operations,Exempt
E010,Patel,Priya,XXX-XX-1010,2023-01-01,2023-01-31,2023-02-03,"5,806.67","1,277.47",290.33,360.01,84.20,"3,794.66",Operations,Exempt
E010,Patel,Priya,XXX-XX-1010,2023-02-01,2023-02-28,2023-03-03,"5,825.28","1,281.56",291.26,361.17,84.47,"3,806.82",Operations,Exempt
E010,Patel,Priya,XXX-XX-1010,2023-03-01,2023-03-31,2023-04-03,"5,843.89","1,285.66",292.19,362.32,84.74,"3,818.98",Operations,Exempt
E010,Patel,Priya,XXX-XX-1010,2023-04-01,2023-04-30,2023-05-03,"5,862.50","1,289.75",293.12,363.48,85.01,"3,831.14",Operations,Exempt
E010,Patel,Priya,XXX-XX-1010,2023-05-01,2023-05-31,2023-06-03,"5,881.11","1,293.84",294.06,364.63,85.28,"3,843.30",Operations,Exempt
E010,Patel,Priya,XXX-XX-1010,2023-06-01,2023-06-30,2023-07-03,"5,899.72","1,297.94",294.99,365.78,85.55,"3,855.46",Operations,Exempt
E010,Patel,Priya,XXX-XX-1010,2023-07-01,2023-07-31,2023-08-03,"5,918.33","1,302.03",295.92,366.94,85.82,"3,867.62",Operations,Exempt
E010,Patel,Priya,XXX-XX-1010,2023-08-01,2023-08-31,2023-09-03,"5,936.94","1,306.13",296.85,368.09,86.09,"3,879.78",Operations,Exempt
E010,Patel,Priya,XXX-XX-1010,2023-09-01,2023-09-30,2023-10-03,"5,955.56","1,310.22",297.78,369.24,86.36,"3,891.96",Operations,Exempt
E010,Patel,Priya,XXX-XX-1010,2023-10-01,2023-10-31,2023-11-03,"5,974.17","1,314.32",298.71,370.40,86.63,"3,904.11",Operations,Exempt
E010,Patel,Priya,XXX-XX-1010,2023-11-01,2023-11-30,2023-12-03,"5,992.78","1,318.41",299.64,371.55,86.90,"3,916.28",Operations,Exempt
E010,Patel,Priya,XXX-XX-1010,2023-12-01,2023-12-31,2024-01-03,"6,011.39","1,322.51",300.57,372.71,87.17,"3,928.43",Operations,Exempt
E010,Patel,Priya,XXX-XX-1010,2024-01-01,2024-01-31,2024-02-03,"6,030.00","1,326.60",301.50,373.86,87.44,"3,940.60",Operations,Exempt
E010,Patel,Priya,XXX-XX-1010,2024-02-01,2024-02-29,2024-03-03,"6,048.61","1,330.69",302.43,375.01,87.70,"3,952.78",Operations,Exempt
E010,Patel,Priya,XXX-XX-1010,2024-03-01,2024-03-31,2024-04-03,"6,067.22","1,334.79",303.36,376.17,87.97,"3,964.93",Operations,Exempt
E010,Patel,Priya,XXX-XX-1010,2024-04-01,2024-04-30,2024-05-03,"6,085.83","1,338.88",304.29,377.32,88.24,"3,977.10",Operations,Exempt
E010,Patel,Priya,XXX-XX-1010,2024-05-01,2024-05-31,2024-06-03,"6,104.44","1,342.98",305.22,378.48,88.51,"3,989.25",Operations,Exempt
E010,Patel,Priya,XXX-XX-1010,2024-06-01,2024-06-30,2024-07-03,"6,123.06","1,347.07",306.15,379.63,88.78,"4,001.43",Operations,Exempt
E010,Patel,Priya,XXX-XX-1010,2024-07-01,2024-07-31,2024-08-03,"6,141.67","1,351.17",307.08,380.78,89.05,"4,013.59",Operations,Exempt
E010,Patel,Priya,XXX-XX-1010,2024-08-01,2024-08-31,2024-09-03,"6,160.28","1,355.26",308.01,381.94,89.32,"4,025.75",Operations,Exempt
E010,Patel,Priya,XXX-XX-1010,2024-09-01,2024-09-30,2024-10-03,"6,178.89","1,359.36",308.94,383.09,89.59,"4,037.91",Operations,Exempt
E010,Patel,Priya,XXX-XX-1010,2024-10-01,2024-10-31,2024-11-03,"6,197.50","1,363.45",309.88,384.25,89.86,"4,050.06",Operations,Exempt
E010,Patel,Priya,XXX-XX-1010,2024-11-01,2024-11-30,2024-12-03,"6,216.11","1,367.54",310.81,385.40,90.13,"4,062.23",Operations,Exempt
E010,Patel,Priya,XXX-XX-1010,2024-12-01,2024-12-31,2025-01-03,"6,234.72","1,371.64",311.74,386.55,90.40,"4,074.39",Operations,Exempt
E011,Nguyen,Brian,XXX-XX-1011,2023-08-01,2023-08-31,2023-09-03,"5,759.72","1,267.14",287.99,357.10,83.52,"3,763.97",Consulting,Exempt
E011,Nguyen,Brian,XXX-XX-1011,2023-09-01,2023-09-30,2023-10-03,"5,777.78","1,271.11",288.89,358.22,83.78,"3,775.78",Consulting,Exempt
E011,Nguyen,Brian,XXX-XX-1011,2023-10-01,2023-10-31,2023-11-03,"5,795.83","1,275.08",289.79,359.34,84.04,"3,787.58",Consulting,Exempt
E011,Nguyen,Brian,XXX-XX-1011,2023-11-01,2023-11-30,2023-12-03,"5,813.89","1,279.06",290.69,360.46,84.30,"3,799.38",Consulting,Exempt
E011,Nguyen,Brian,XXX-XX-1011,2023-12-01,2023-12-31,2024-01-03,"5,831.94","1,283.03",291.60,361.58,84.56,"3,811.17",Consulting,Exempt
E011,Nguyen,Brian,XXX-XX-1011,2024-01-01,2024-01-31,2024-02-03,"5,850.00","1,287.00",292.50,362.70,84.83,"3,822.97",Consulting,Exempt
E011,Nguyen,Brian,XXX-XX-1011,2024-02-01,2024-02-29,2024-03-03,"5,868.06","1,290.97",293.40,363.82,85.09,"3,834.78",Consulting,Exempt
E011,Nguyen,Brian,XXX-XX-1011,2024-03-01,2024-03-31,2024-04-03,"5,886.11","1,294.94",294.31,364.94,85.35,"3,846.57",Consulting,Exempt
E011,Nguyen,Brian,XXX-XX-1011,2024-04-01,2024-04-30,2024-05-03,"5,904.17","1,298.92",295.21,366.06,85.61,"3,858.37",Consulting,Exempt
E011,Nguyen,Brian,XXX-XX-1011,2024-05-01,2024-05-31,2024-06-03,"5,922.22","1,302.89",296.11,367.18,85.87,"3,870.17",Consulting,Exempt
E011,Nguyen,Brian,XXX-XX-1011,2024-06-01,2024-06-30,2024-07-03,"5,940.28","1,306.86",297.01,368.30,86.13,"3,881.98",Consulting,Exempt
E011,Nguyen,Brian,XXX-XX-1011,2024-07-01,2024-07-31,2024-08-03,"5,958.33","1,310.83",297.92,369.42,86.40,"3,893.76",Consulting,Exempt
E011,Nguyen,Brian,XXX-XX-1011,2024-08-01,2024-08-31,2024-09-03,"5,976.39","1,314.81",298.82,370.54,86.66,"3,905.56",Consulting,Exempt
E011,Nguyen,Brian,XXX-XX-1011,2024-09-01,2024-09-30,2024-10-03,"5,994.44","1,318.78",299.72,371.66,86.92,"3,917.36",Consulting,Exempt
E011,Nguyen,Brian,XXX-XX-1011,2024-10-01,2024-10-31,2024-11-03,"6,012.50","1,322.75",300.62,372.77,87.18,"3,929.18",Consulting,Exempt
E011,Nguyen,Brian,XXX-XX-1011,2024-11-01,2024-11-30,2024-12-03,"6,030.56","1,326.72",301.53,373.89,87.44,"3,940.98",Consulting,Exempt
E011,Nguyen,Brian,XXX-XX-1011,2024-12-01,2024-12-31,2025-01-03,"6,048.61","1,330.69",302.43,375.01,87.70,"3,952.78",Consulting,Exempt
E012,Rivera,Sofia,XXX-XX-1012,2024-01-01,2024-01-31,2024-02-03,"5,670.00","1,247.40",283.50,351.54,82.22,"3,705.34",Consulting,Exempt
E012,Rivera,Sofia,XXX-XX-1012,2024-02-01,2024-02-29,2024-03-03,"5,687.50","1,251.25",284.38,352.62,82.47,"3,716.78",Consulting,Exempt
E012,Rivera,Sofia,XXX-XX-1012,2024-03-01,2024-03-31,2024-04-03,"5,705.00","1,255.10",285.25,353.71,82.72,"3,728.22",Consulting,Exempt
E012,Rivera,Sofia,XXX-XX-1012,2024-04-01,2024-04-30,2024-05-03,"5,722.50","1,258.95",286.12,354.80,82.98,"3,739.65",Consulting,Exempt
E012,Rivera,Sofia,XXX-XX-1012,2024-05-01,2024-05-31,2024-06-03,"5,740.00","1,262.80",287.00,355.88,83.23,"3,751.09",Consulting,Exempt
E012,Rivera,Sofia,XXX-XX-1012,2024-06-01,2024-06-30,2024-07-03,"5,757.50","1,266.65",287.88,356.96,83.48,"3,762.53",Consulting,Exempt
E012,Rivera,Sofia,XXX-XX-1012,2024-07-01,2024-07-31,2024-08-03,"5,775.00","1,270.50",288.75,358.05,83.74,"3,773.96",Consulting,Exempt
E012,Rivera,Sofia,XXX-XX-1012,2024-08-01,2024-08-31,2024-09-03,"5,792.50","1,274.35",289.62,359.13,83.99,"3,785.41",Consulting,Exempt
E012,Rivera,Sofia,XXX-XX-1012,2024-09-01,2024-09-30,2024-10-03,"5,810.00","1,278.20",290.50,360.22,84.25,"3,796.83",Consulting,Exempt
E012,Rivera,Sofia,XXX-XX-1012,2024-10-01,2024-10-31,2024-11-03,"5,827.50","1,282.05",291.38,361.31,84.50,"3,808.26",Consulting,Exempt
E012,Rivera,Sofia,XXX-XX-1012,2024-11-01,2024-11-30,2024-12-03,"5,845.00","1,285.90",292.25,362.39,84.75,"3,819.71",Consulting,Exempt
E012,Rivera,Sofia,XXX-XX-1012,2024-12-01,2024-12-31,2025-01-03,"5,862.50","1,289.75",293.12,363.48,85.01,"3,831.14",Consulting,Exempt
E013,Thompson,Mark,XXX-XX-1013,2022-01-01,2022-01-31,2022-02-03,"9,583.33","2,108.33",479.17,594.17,138.96,"6,262.70",Consulting,Exempt
E013,Thompson,Mark,XXX-XX-1013,2022-02-01,2022-02-28,2022-03-03,"9,615.28","2,115.36",480.76,596.15,139.42,"6,283.59",Consulting,Exempt
E013,Thompson,Mark,XXX-XX-1013,2022-03-01,2022-03-31,2022-04-03,"9,647.22","2,122.39",482.36,598.13,139.88,"6,304.46",Consulting,Exempt
E013,Thompson,Mark,XXX-XX-1013,2022-04-01,2022-04-30,2022-05-03,"9,679.17","2,129.42",483.96,600.11,140.35,"6,325.33",Consulting,Exempt
E013,Thompson,Mark,XXX-XX-1013,2022-05-01,2022-05-31,2022-06-03,"9,711.11","2,136.44",485.56,602.09,140.81,"6,346.21",Consulting,Exempt
E013,Thompson,Mark,XXX-XX-1013,2022-06-01,2022-06-30,2022-07-03,"9,743.06","2,143.47",487.15,604.07,141.27,"6,367.10",Consulting,Exempt
E013,Thompson,Mark,XXX-XX-1013,2022-07-01,2022-07-31,2022-08-03,"9,775.00","2,150.50",488.75,606.05,141.74,"6,387.96",Consulting,Exempt
E013,Thompson,Mark,XXX-XX-1013,2022-08-01,2022-08-31,2022-09-03,"9,806.94","2,157.53",490.35,608.03,142.20,"6,408.83",Consulting,Exempt
